Year,Department,Sector,State/Region,Scheme,Allocated_Amount,Spent_Amount,Revised_Estimate
2020,Health and Family Welfare,Health,Maharashtra,Primary Care Network,4200000000,3890000000,4350000000
2020,Education,Education,Karnataka,School Modernization,3800000000,3540000000,3900000000
2020,Rural Development,Rural Development,Uttar Pradesh,Village Roads Initiative,5100000000,4280000000,5250000000
2020,Transport and Highways,Infrastructure,Gujarat,National Highway Works,6200000000,5910000000,6450000000
2020,Agriculture and Farmers Welfare,Agriculture,Punjab,Small Farmer Support,4700000000,4510000000,4800000000
2020,Water Resources,Water and Sanitation,Rajasthan,Community Water Access,2900000000,1680000000,3050000000
2020,Energy and Renewable Power,Energy,Tamil Nadu,Solar Transition Fund,3400000000,3190000000,3550000000
2020,Women and Child Development,Social Protection,Odisha,Early Years Nutrition,2600000000,2450000000,2680000000
2020,Housing and Urban Affairs,Housing,Telangana,Affordable Housing Mission,3900000000,3710000000,4020000000
2020,Digital Governance,Digital Services,Delhi,Public Service Digitalization,1350000000,1570000000,1450000000
2021,Health and Family Welfare,Health,Maharashtra,Primary Care Network,4550000000,4260000000,4700000000
2021,Education,Education,Karnataka,School Modernization,4010000000,3820000000,4180000000
2021,Rural Development,Rural Development,Uttar Pradesh,Village Roads Initiative,5350000000,4790000000,5520000000
2021,Transport and Highways,Infrastructure,Gujarat,National Highway Works,6680000000,6310000000,6890000000
2021,Agriculture and Farmers Welfare,Agriculture,Punjab,Small Farmer Support,4920000000,4710000000,5050000000
2021,Water Resources,Water and Sanitation,Rajasthan,Community Water Access,3150000000,1920000000,3220000000
2021,Energy and Renewable Power,Energy,Tamil Nadu,Solar Transition Fund,3780000000,3510000000,3900000000
2021,Women and Child Development,Social Protection,Odisha,Early Years Nutrition,2810000000,2630000000,2900000000
2021,Housing and Urban Affairs,Housing,Telangana,Affordable Housing Mission,4210000000,3970000000,4350000000
2021,Digital Governance,Digital Services,Delhi,Public Service Digitalization,1510000000,1690000000,1580000000
2022,Health and Family Welfare,Health,Maharashtra,Primary Care Network,4900000000,4620000000,5050000000
2022,Education,Education,Karnataka,School Modernization,4380000000,4170000000,4520000000
2022,Rural Development,Rural Development,Uttar Pradesh,Village Roads Initiative,5780000000,5190000000,5950000000
2022,Transport and Highways,Infrastructure,Gujarat,National Highway Works,7210000000,6900000000,7440000000
2022,Agriculture and Farmers Welfare,Agriculture,Punjab,Small Farmer Support,5260000000,4980000000,5410000000
2022,Water Resources,Water and Sanitation,Rajasthan,Community Water Access,3420000000,2110000000,3500000000
2022,Energy and Renewable Power,Energy,Tamil Nadu,Solar Transition Fund,4160000000,3910000000,4320000000
2022,Women and Child Development,Social Protection,Odisha,Early Years Nutrition,3090000000,2930000000,3200000000
2022,Housing and Urban Affairs,Housing,Telangana,Affordable Housing Mission,4590000000,4360000000,4740000000
2022,Digital Governance,Digital Services,Delhi,Public Service Digitalization,1720000000,1860000000,1780000000
2023,Health and Family Welfare,Health,Maharashtra,Primary Care Network,5350000000,5110000000,5520000000
2023,Education,Education,Karnataka,School Modernization,4760000000,4540000000,4910000000
2023,Rural Development,Rural Development,Uttar Pradesh,Village Roads Initiative,6250000000,5700000000,6430000000
2023,Transport and Highways,Infrastructure,Gujarat,National Highway Works,7900000000,7510000000,8120000000
2023,Agriculture and Farmers Welfare,Agriculture,Punjab,Small Farmer Support,5680000000,5410000000,5870000000
2023,Water Resources,Water and Sanitation,Rajasthan,Community Water Access,3730000000,2290000000,3840000000
2023,Energy and Renewable Power,Energy,Tamil Nadu,Solar Transition Fund,4590000000,4330000000,4770000000
2023,Women and Child Development,Social Protection,Odisha,Early Years Nutrition,3420000000,3250000000,3550000000
2023,Housing and Urban Affairs,Housing,Telangana,Affordable Housing Mission,5010000000,4780000000,5200000000
2023,Digital Governance,Digital Services,Delhi,Public Service Digitalization,1950000000,2180000000,2040000000
2024,Health and Family Welfare,Health,Maharashtra,Primary Care Network,5820000000,5510000000,6010000000
2024,Education,Education,Karnataka,School Modernization,5230000000,4990000000,5400000000
2024,Rural Development,Rural Development,Uttar Pradesh,Village Roads Initiative,6840000000,6200000000,7050000000
2024,Transport and Highways,Infrastructure,Gujarat,National Highway Works,8650000000,8210000000,8900000000
2024,Agriculture and Farmers Welfare,Agriculture,Punjab,Small Farmer Support,6190000000,5870000000,6400000000
2024,Water Resources,Water and Sanitation,Rajasthan,Community Water Access,4080000000,2510000000,4190000000
2024,Energy and Renewable Power,Energy,Tamil Nadu,Solar Transition Fund,5080000000,4780000000,5260000000
2024,Women and Child Development,Social Protection,Odisha,Early Years Nutrition,3790000000,3600000000,3920000000
2024,Housing and Urban Affairs,Housing,Telangana,Affordable Housing Mission,5540000000,5260000000,5720000000
2024,Digital Governance,Digital Services,Delhi,Public Service Digitalization,2210000000,2430000000,2320000000